openrouter_id,display_name,context_window_tokens,input_cost_per_million,output_cost_per_million,avg_correctness,avg_metric_score,total_tokens,total_cost_usd,avg_cost_per_example,intelligence_per_dollar_correctness,intelligence_per_dollar_metric
nvidia/nemotron-3-nano-30b-a3b,NVIDIA: Nemotron 3 Nano 30B A3B,262000,0.05,0.2,0.725,0.655475,55620,0.0055242,0.000690525,131.2407226385721,118.65518989174903
allenai/olmo-3.1-32b-instruct,AllenAI: Olmo 3.1 32B Instruct,65536,0.2,0.6,0.9625,0.898735,51012,0.0114464,0.0014308,84.08757338551858,78.51682625104836
nex-agi/deepseek-v3.1-nex-n1,Nex AGI: DeepSeek V3.1 Nex N1,131072,0.27,1.0,0.925,0.86582625,47339,0.01569496,0.00196187,58.93611707197724,55.16587809080112
mistralai/devstral-2512,Mistral: Devstral 2 2512,262144,0.4,2.0,0.9,0.83952,48384,0.024655999999999997,0.0030819999999999997,36.50227125243349,34.04931862426996
qwen/qwen3.5-27b,Qwen: Qwen3.5-27B,262000,0.3,2.4,0.925,0.86623,47016,0.0327969,0.0040996125,28.203885123289094,26.411947470645096
qwen/qwen3.5-122b-a10b,Qwen: Qwen3.5-122B-A10B,262000,0.4,3.2,0.925,0.8575125,53990,0.0515616,0.0064452,17.939707068826415,16.630835738223794
qwen/qwen3.5-35b-a3b,Qwen: Qwen3.5-35B-A3B,262000,0.25,2.0,0.9,0.801975,78420,0.0729485,0.0091185625,12.337470955537126,10.993714743963206
qwen/qwen3.5-flash,Qwen: Qwen3.5-Flash,1000000,0.1,0.4,0.0,0.0,0,0.0,0.0,0.0,0.0
liquid-ai/lfm2-24b-a2b,LiquidAI: LFM2-24B-A2B,33000,0.03,0.12,0.0,0.0,0,0.0,0.0,0.0,0.0
