openrouter_id,display_name,context_window_tokens,input_cost_per_million,output_cost_per_million,avg_correctness,avg_metric_score,total_tokens,total_cost_usd,avg_cost_per_example,intelligence_per_dollar_correctness,intelligence_per_dollar_metric
openai/gpt-oss-120b,OpenAI: gpt-oss-120b,131000,0.039,0.19,1.0,0.94352375,45181,0.002883536,0.000360442,346.79643326804313,327.21067120368883
google/gemini-3-flash-preview,Google: Gemini 3 Flash,1050000,0.1,0.4,0.925,0.86751375,45989,0.005720299999999999,0.0007150374999999999,161.7048056920092,151.6552890582662
openai/gpt-4o-mini,OpenAI: GPT-4o-mini,128000,0.15,0.6,0.9375,0.8711387500000001,53089,0.00949155,0.00118644375,98.7720656794728,91.78045208632943
x-ai/grok-4.1-fast,xAI: Grok 4.1 Fast,2000000,0.2,0.5,1.0,0.9029087499999999,77673,0.024859799999999998,0.0031074749999999997,40.22558508113501,36.32003274362626
minimax/minimax-m2.1,MiniMax: MiniMax M2.1,197000,0.27,0.95,0.9,0.82592125,59263,0.02247053,0.00280881625,40.05245982181996,36.755752979569245
z-ai/glm-4.7,Z.ai: GLM 4.7,203000,0.3,1.4,1.0,0.92491875,60065,0.029068999999999998,0.0036336249999999997,34.40090818397606,31.818044996387908
openai/gpt-5-nano,OpenAI: GPT-5 Nano,400000,0.05,0.4,1.0,0.86072375,111421,0.029970950000000003,0.0037463687500000004,33.36564239705448,28.71860084515172
anthropic/claude-haiku-4.5,Anthropic: Claude Haiku 4.5,200000,1.0,5.0,1.0,0.91951375,64389,0.089821,0.011227625,11.133253916122065,10.237180058115586
